Organization Id,Orgnization Name,Employee Name,Employee ID,Role,Skill ID,Skill,SubSkill,Rating
1,Xebia,Ramesh,4201,Senior Developer,1,Java,MultiThreading,Beginner
1,Xebia,Ramesh,4201,Senior Developer,1,Java,Generics,Expert
1,Xebia,Suresh,4202,Developer,2,C,Pointers,Subject_Matter_Expert
1,Xebia,Suresh,4202,Developer,2,C,File Handling,Beginner
1,Xebia,Ramesh,4203,Lead,3,C++,STL,Hands_on
1,Xebia,Ramesh,4203,Lead,3,C++,OOPs,Expert
1,Xebia,Kamlesh,4204,Developer,4,Python ,OOPs,Expert
1,Xebia,Kamlesh,4204,Developer,4,Python ,OpenCV,Hands_on
1,Xebia,Mahesh,4205,Architect,5,NodeJs,RESTAPI,Beginner
1,Xebia,Mahesh,4205,Architect,5,NodeJs,Package Management,Subject_Matter_Expert
